Appears after Empire Ch. II: Japan|＠|＠|EVOLVE at Level 10|＠|＠|From Awakened Event Stage|Actress Awakes!|EVOLVE at Level 20|＠|//ネコ女優
Appears after Empire Ch. I: Jamaica|＠|＠|EVOLVE at Level 10|＠|＠|From Awakened Event Stage|Kung-Fu Awakes!|EVOLVE at Level 20|＠|//カンフーにゃんこ
Appears after Empire Ch. II: India|＠|＠|EVOLVE at Level 10|＠|＠|From Awakened Event Stage|Mr. Awakes!|EVOLVE at Level 20|＠|//Mr.
Appears after Empire Ch. I: Denmark|＠|＠|EVOLVE at Level 10|＠|＠|From Awakened Event Stage|Bondage Awakes!|EVOLVE at Level 20|＠|//猫縛り
Appears after Empire Ch. I: Greenland|＠|＠|EVOLVE at Level 10|＠|＠|From Awakened Event Stage|Dom Awakes!|EVOLVE at Level 20|＠|//女王猫
Appears after Empire Ch. I: Egypt|＠|＠|EVOLVE at Level 10|＠|＠|From Awakened Event Stage|Box Cats Awake!|EVOLVE at Level 20|＠|//ネコの箱詰め
Appears after Empire Ch. II: Bermuda|＠|＠|EVOLVE at Level 10|＠|＠|From Awakened Event Stage|Panties Awake!|EVOLVE at Level 20|＠|//ネコパンツ
Appears after Empire Ch. I: Moon|＠|＠|EVOLVE at Level 10|＠|＠|Once Lvl 30 is reached, use|XP and Catfruit to Evolve.|＠|＠|//もねこ
Unlocked with 30 Login Stamps|＠|＠|EVOLVE at Level 10|＠|＠|From Awakened Event Stage|Tricycle Awakes!|EVOLVE at Level 20|＠|//ネコリンリン
Appears after Empire Ch. I: Philippines|＠|＠|EVOLVE at Level 10|＠|＠|From Awakened Event Stage|Ninja Awakes!|EVOLVE at Level 20|＠|//ネコ忍者
Appears after Empire Ch. I: Madagascar|＠|＠|EVOLVE at Level 10|＠|＠|From Awakened Event Stage|Zombie Awakes!|EVOLVE at Level 20|＠|//ネコゾンビ
Appears after Empire Ch. I: Nepal|＠|＠|EVOLVE at Level 10|＠|＠|From Awakened Event Stage|Samurai Awakes!|EVOLVE at Level 20|＠|//ネコざむらい
Appears after Empire Ch. I: Singapore|＠|＠|EVOLVE at Level 10|＠|＠|From Awakened Event Stage|Sumo Awakes!|EVOLVE at Level 20|＠|//スモウネコ
Appears after Empire Ch. I: Italy|＠|＠|EVOLVE at Level 10|＠|＠|From Awakened Event Stage|Boogie Awakes!|EVOLVE at Level 20|＠|//ネコフィーバー
Appears after Empire Ch. II: Greece|＠|＠|EVOLVE at Level 10|＠|＠|From Awakened Event Stage|Skirt Awakes!|EVOLVE at Level 20|＠|//ネコスカート
Appears after Empire Ch. II: Moon|＠|＠|EVOLVE at Level 10|＠|＠|Appears after Future Ch. II: Moon|EVOLVE at Level 20|＠|＠|//ネコヴァルキリー
Appears after Empire Ch. III: Moon|＠|＠|EVOLVE at Level 10|＠|＠|Appears after Future Ch. III: Moon|EVOLVE at Level 20|＠|＠|//ネコムート
Collect from Collab. Event|＠|＠|EVOLVE at Level 10|＠|＠|＠|＠|＠|＠|//ケリ姫
Collect from Collab. Event|＠|＠|EVOLVE at Level 10|＠|＠|＠|＠|＠|＠|//ネコひめ
Collect as Special Gift|＠|＠|EVOLVE at Level 10|＠|＠|＠|＠|＠|＠|//ネコカプセル
Collect as Special Gift|＠|＠|EVOLVE at Level 10|＠|＠|＠|＠|＠|＠|//マスクオブネコ
Collect from Rare Capsules!|＠|＠|EVOLVE at Level 10|＠|＠|Once Lvl 30 is reached, use|XP and Catfruit to Evolve.|＠|＠|//ネコぼさつ
Collect from Rare Capsules!|＠|＠|EVOLVE at Level 10|＠|＠|Once Lvl 30 is reached, use|XP and Catfruit to Evolve.|＠|＠|//ネコ番長
Collect from Rare Capsules!|＠|＠|EVOLVE at Level 10|＠|＠|Once Lvl 30 is reached, use|XP and Catfruit to Evolve.|＠|＠|//ネコザイル
Collect from Rare Capsules!|＠|＠|EVOLVE at Level 10|＠|＠|Once Lvl 30 is reached, use|XP and Catfruit to Evolve.|＠|＠|//ねこタツ
From Rare Capsule Event|Tales of the Nekoluga|＠|EVOLVE at Level 10|＠|＠|Once Lvl 30 is reached, use|XP and Catfruit to Evolve.|＠|＠|//ネコルガ
Collect from Rare Capsules!|＠|＠|EVOLVE at Level 10|＠|＠|Once Lvl 30 is reached, use|XP and Catfruit to Evolve.|＠|＠|//オタネコ
Collect from Rare Capsules!|＠|＠|EVOLVE at Level 10|＠|＠|Once Lvl 30 is reached, use|XP and Catfruit to Evolve.|＠|＠|//ネコスイマー
Collect from Rare Capsules!|＠|＠|EVOLVE at Level 10|＠|＠|Once Lvl 30 is reached, use|XP and Catfruit to Evolve.|＠|＠|//ネコホッピング
Collect from Rare Capsules!|＠|＠|EVOLVE at Level 10|＠|＠|Once Lvl 30 is reached, use|XP and Catfruit to Evolve.|＠|＠|//ネコ車輪
Collect from Rare Capsules!|＠|＠|EVOLVE at Level 10|＠|＠|Once Lvl 30 is reached, use|XP and Catfruit to Evolve.|＠|＠|//ネコリンゴ
Collect from Rare Capsules!|＠|＠|EVOLVE at Level 10|＠|＠|Once Lvl 30 is reached, use|XP and Catfruit to Evolve.|＠|＠|//ネコバスたぶ
Collect from Rare Capsules!|＠|＠|EVOLVE at Level 10|＠|＠|Once Lvl 30 is reached, use|XP and Catfruit to Evolve.|＠|＠|//ネコエステ
From Rare Capsule Event|The Dynamites|＠|EVOLVE at Level 10|＠|＠|Once Lvl 30 is reached, use|XP and Catfruit to Evolve.|＠|＠|//ネコアイス
From Rare Capsule Event|The Dynamites|＠|EVOLVE at Level 10|＠|＠|Once Lvl 30 is reached, use|XP and Catfruit to Evolve.|＠|＠|//ネコマシン
From Rare Capsule Event|The Dynamites|＠|EVOLVE at Level 10|＠|＠|Once Lvl 30 is reached, use|XP and Catfruit to Evolve.|＠|＠|//鬼にゃんま
Collect as Special Gift|＠|＠|EVOLVE at Level 10|＠|＠|＠|＠|＠|＠|//芸者ねこ
Collect from Rare Capsules!|＠|＠|EVOLVE at Level 10|＠|＠|Once Lvl 30 is reached, use|XP and Catfruit to Evolve.|＠|＠|//ねこジュラ
Collect from Rare Capsules!|＠|＠|EVOLVE at Level 10|＠|＠|Once Lvl 30 is reached, use|XP and Catfruit to Evolve.|＠|＠|//ねこファイター
Collect from Rare Capsules!|＠|＠|EVOLVE at Level 10|＠|＠|Once Lvl 30 is reached, use|XP and Catfruit to Evolve.|＠|＠|//ねこ海賊
Collect from Rare Capsules!|＠|＠|EVOLVE at Level 10|＠|＠|Once Lvl 30 is reached, use|XP and Catfruit to Evolve.|＠|＠|//ねこ泥棒
Collect from Rare Capsules!|＠|＠|EVOLVE at Level 10|＠|＠|Once Lvl 30 is reached, use|XP and Catfruit to Evolve.|＠|＠|//ねこ僧侶
Collect from Rare Capsules!|＠|＠|EVOLVE at Level 10|＠|＠|Once Lvl 30 is reached, use|XP and Catfruit to Evolve.|＠|＠|//ねこ占い師
Collect from Rare Capsules!|＠|＠|EVOLVE at Level 10|＠|＠|Once Lvl 30 is reached, use|XP and Catfruit to Evolve.|＠|＠|//ネコシャーマン
Collect as Special Gift|＠|＠|EVOLVE at Level 10|＠|＠|＠|＠|＠|＠|//エヴァンジェリスト
Collect from Collab. Event|＠|＠|EVOLVE at Level 10|＠|＠|＠|＠|＠|＠|//10式戦車
Collect from Rare Capsules!|＠|＠|EVOLVE at Level 10|＠|＠|Once Lvl 30 is reached, use|XP and Catfruit to Evolve.|＠|＠|//ネコ魔女
Collect from Rare Capsules!|＠|＠|EVOLVE at Level 10|＠|＠|Once Lvl 30 is reached, use|XP and Catfruit to Evolve.|＠|＠|//ネコアーチャー
From Rare Capsule Set|The Dynamites|＠|EVOLVE at Level 10|＠|＠|Once Lvl 30 is reached, use|XP and Catfruit to Evolve.|＠|＠|//ネコシュバリエ
Collect from Rare Capsules!|＠|＠|EVOLVE at Level 10|＠|＠|Once Lvl 30 is reached, use|XP and Catfruit to Evolve.|＠|＠|//ネコ魔剣士
From Rare Capsule Set|The Dynamites|＠|EVOLVE at Level 10|＠|＠|Once Lvl 30 is reached, use|XP and Catfruit to Evolve.|＠|＠|//ねこベビー
From Event Stage|Heaven of Darkness|＠|EVOLVE at Level 10|＠|＠|From Event Stage|"NEO Darkness Heaven"|EVOLVE at Level 20|＠|//ネコブ・ロンズ
Collect from Rare Capsules!|＠|＠|EVOLVE at Level 10|＠|＠|Once Lvl 30 is reached, use|XP and Catfruit to Evolve.|＠|＠|//ねこ寿司
Collect as Special Gift|＠|＠|EVOLVE at Level 10|＠|＠|＠|＠|＠|＠|//ネコポン
From Monthly Event Stage|Autumn = Sports Day!|＠|EVOLVE at Level 10|＠|＠|From Awakened Event Stage|Sports Day Awakens!|EVOLVE at Level 20|＠|//ネコ運動会
Collect from Collab. Event|＠|＠|EVOLVE at Level 10|＠|＠|＠|＠|＠|＠|//剣士
Collect from Collab. Event|＠|＠|EVOLVE at Level 10|＠|＠|＠|＠|＠|＠|//ウシ姫
Collect from Collab. Event|＠|＠|EVOLVE at Level 10|＠|＠|＠|＠|＠|＠|//KHM48
Collect from Collab. Event|＠|＠|EVOLVE at Level 10|＠|＠|＠|＠|＠|＠|//チビガウ
Collect from Collab. Event|＠|＠|EVOLVE at Level 10|＠|＠|＠|＠|＠|＠|//執行者
Collect from Collab. Event|Enchanted Princess|＠|EVOLVE at Level 10|＠|＠|＠|＠|＠|＠|//眠れるケリの美女
From Monthly Event Stage|Loving Labor|＠|EVOLVE at Level 10|＠|＠|From Awakened Event Stage|Salaryman Awakes!|EVOLVE at Level 20|＠|//ネコリーマン
From Rare Capsule Event|Sengoku Wargods Vajiras|＠|EVOLVE at Level 10|＠|＠|Once Lvl 30 is reached, use|XP and Catfruit to Evolve.|＠|＠|//真田幸村
From Rare Capsule Event|Sengoku Wargods Vajiras|＠|EVOLVE at Level 10|＠|＠|Once Lvl 30 is reached, use|XP and Catfruit to Evolve.|＠|＠|//前田慶次
From Rare Capsule Event|Sengoku Wargods Vajiras|＠|EVOLVE at Level 10|＠|＠|Once Lvl 30 is reached, use|XP and Catfruit to Evolve.|＠|＠|//織田信長
From Monthly Event Stage|Jingle Cat Bell|＠|EVOLVE at Level 10|＠|＠|From Awakened Event Stage|Reindeer Fish Awakens!|EVOLVE at Level 20|＠|//トナカイフィッシュ
From Rare Capsule Event|Cyber Academy Galaxy Gals|＠|EVOLVE at Level 10|＠|＠|Once Lvl 30 is reached, use|XP and Catfruit to Evolve.|＠|＠|//風神のウィンディ
From Rare Capsule Event|Cyber Academy Galaxy Gals|＠|EVOLVE at Level 10|＠|＠|Once Lvl 30 is reached, use|XP and Catfruit to Evolve.|＠|＠|//雷神のサンディア
Collect from Collab. Event|＠|＠|EVOLVE at Level 10|＠|＠|Collect from Collab. Event|Droid Awakes!|EVOLVE at Level 20|＠|//ドロイド
Collect from Event Map|Crimson Catastrophe|＠|EVOLVE at Level 10|＠|＠|Collect from Event Map|Crimson Vengeance|EVOLVE at Level 20|＠|//ネコと宇宙
From Monthly Event Stage|Happy New Year?|＠|EVOLVE at Level 10|＠|＠|From Awakened Event Stage|Adult Cat Awakes!|EVOLVE at Level 20|＠|//にゃんこ成人
From Monthly Event Stage|Ritual Happiness|＠|EVOLVE at Level 10|＠|＠|From Awakened Event Stage|Evil Cat Awakes!|EVOLVE at Level 20|＠|//吾輩は鬼である
From Monthly Event Stage|Bears be Bear|＠|EVOLVE at Level 10|＠|＠|From Awakened Event Stage|Doll Cats Awake!|EVOLVE at Level 20|＠|//ひなにゃんこ
Collect as Special Gift|＠|＠|EVOLVE at Level 10|＠|＠|＠|＠|＠|＠|//ネコ忍者～青～
From Rare Capsule Event|Lords of Destruction: Dragon Emperors|＠|EVOLVE at Level 10|＠|＠|Once Lvl 30 is reached, use|XP and Catfruit to Evolve.|＠|＠|//地龍ソドム
From Rare Capsule Event|Lords of Destruction: Dragon Emperors|＠|EVOLVE at Level 10|＠|＠|Once Lvl 30 is reached, use|XP and Catfruit to Evolve.|＠|＠|//聖龍メギドラ
From Rare Capsule Event|Lords of Destruction: Dragon Emperors|＠|EVOLVE at Level 10|＠|＠|Once Lvl 30 is reached, use|XP and Catfruit to Evolve.|＠|＠|//竜騎士バルス
From Rare Capsule Event|Lords of Destruction: Dragon Emperors|＠|EVOLVE at Level 10|＠|＠|Once Lvl 30 is reached, use|XP and Catfruit to Evolve.|＠|＠|//神龍かむくら
From Rare Capsule Event|Lords of Destruction: Dragon Emperors|＠|EVOLVE at Level 10|＠|＠|Once Lvl 30 is reached, use|XP and Catfruit to Evolve.|＠|＠|//竜戦機ライデン
Collect from Event Map|Peerless|＠|EVOLVE at Level 10|＠|＠|From Event Stage|"Peerless Too"|EVOLVE at Level 20|＠|//ネコなわとび
Collect from Collab. Event|＠|＠|EVOLVE at Level 10|＠|＠|＠|＠|＠|＠|//ニムエ
Collect from Collab. Event|＠|＠|EVOLVE at Level 10|＠|＠|＠|＠|＠|＠|//猿王
From Event Stage|The Crazed Cat|＠|EVOLVE at Level 10|＠|＠|Use the drop reward from|the "Cat Maniac" Stage|to Evolve at Level 20.|＠|//狂乱のネコ
From Event Stage|The Crazed Tank|＠|EVOLVE at Level 10|＠|＠|Use the drop reward from|the "Tank Maniac" Stage|to Evolve at Level 20.|＠|//狂乱のタンクネコ
From Event Stage|The Crazed Axe|＠|EVOLVE at Level 10|＠|＠|Use the drop reward from|the "Axe Maniac" Stage|to Evolve at Level 20.|＠|//狂乱のバトルネコ
From Event Stage|The Crazed Gross|＠|EVOLVE at Level 10|＠|＠|Use the drop reward from|the "Gross Maniac" Stage|to Evolve at Level 20.|＠|//狂乱のキモネコ
From Event Stage|The Crazed Cow|＠|EVOLVE at Level 10|＠|＠|Use the drop reward from|the "Cow Maniac" Stage|to Evolve at Level 20.|＠|//狂乱のウシネコ
From Event Stage|The Crazed Bird|＠|EVOLVE at Level 10|＠|＠|Use the drop reward from|the "Bird Maniac" Stage|to Evolve at Level 20.|＠|//狂乱のネコノトリ
From Event Stage|The Crazed Fish|＠|EVOLVE at Level 10|＠|＠|Use the drop reward from|the "Fish Maniac" Stage|to Evolve at Level 20.|＠|//狂乱のネコフィッシュ
From Event Stage|The Crazed Lizard|＠|EVOLVE at Level 10|＠|＠|Use the drop reward from|the "Lizard Maniac" Stage|to Evolve at Level 20.|＠|//狂乱のネコトカゲ
From Event Stage|The Crazed Titan|＠|EVOLVE at Level 10|＠|＠|Use the drop reward from|the "Titan Maniac" Stage|to Evolve at Level 20.|＠|//狂乱の巨神ネコ
From Monthly Event Stage|Teacher! It's Spring|＠|EVOLVE at Level 10|＠|＠|From Awakened Event Stage|Maiden Awakes!|EVOLVE at Level 20|＠|//ネコ乙女
Collect from Collab. Event|＠|＠|EVOLVE at Level 10|＠|＠|＠|＠|＠|＠|//弱酸性エル
Collect from Collab. Event|＠|＠|EVOLVE at Level 10|＠|＠|＠|＠|＠|＠|//レッドマローン
Collect from Collab. Event|＠|＠|EVOLVE at Level 10|＠|＠||||＠|//歌謡にゃんこ
From Monthly Event Stage|Love is Sickness|＠|EVOLVE at Level 10|＠|＠|Use the drop reward from|the "Koi Awakens!" Stage|to Evolve at Level 20.|＠|//マジでコイしてる
From Rare Capsule Event|Cyber Academy Galaxy Gals|＠|EVOLVE at Level 10|＠|＠|Once Lvl 30 is reached, use|XP and Catfruit to Evolve.|＠|＠|//猿帝のクウ
From Rare Capsule Event|Cyber Academy Galaxy Gals|＠|EVOLVE at Level 10|＠|＠|Once Lvl 30 is reached, use|XP and Catfruit to Evolve.|＠|＠|//召し豚のカイ
From Rare Capsule Event|Cyber Academy Galaxy Gals|＠|EVOLVE at Level 10|＠|＠|Once Lvl 30 is reached, use|XP and Catfruit to Evolve.|＠|＠|//宝杖のカッパーマイン
From Special Event Stage|We're Number One|＠|EVOLVE at Level 10|＠|＠|＠|＠|＠|＠|//にゃんこ３兄弟
From Monthly Event Stage|The Forbidden Bride|＠|EVOLVE at Level 10|＠|＠|Use the drop reward from|the "Bride Awakens!" Stage|to Evolve at Level 20.|＠|//マダム・ザ・花嫁
Collect from Collab. Event|＠|＠|EVOLVE at Level 10|＠|＠|＠|＠|＠|＠|//セレス
Collect from Collab. Event|＠|＠|EVOLVE at Level 10|＠|＠|＠|＠|＠|＠|//ノノ
Collect from Collab. Event|＠|＠|EVOLVE at Level 10|＠|＠|＠|＠|＠|＠|//オルガ
Collect from Collab. Event|＠|＠|EVOLVE at Level 10|＠|＠|＠|＠|＠|＠|//ノルン
Collect from Collab. Event|＠|＠|EVOLVE at Level 10|＠|＠|＠|＠|＠|＠|//よいち
Collect from Collab. Event|＠|＠|EVOLVE at Level 10|＠|＠|＠|＠|＠|＠|//セラム
Collect from Collab. Event|＠|＠|EVOLVE at Level 10|＠|＠|＠|＠|＠|＠|//フウ
Collect from Collab. Event|＠|＠|EVOLVE at Level 10|＠|＠|＠|＠|＠|＠|//アウラ
Collect from Collab. Event|＠|＠|EVOLVE at Level 10|＠|＠|＠|＠|＠|＠|//レイ
Collect from Collab. Event|＠|＠|EVOLVE at Level 10|＠|＠|＠|＠|＠|＠|//ワイバーン
Collect from Collab. Event|＠|＠|EVOLVE at Level 10|＠|＠|Collect from Collab. Event|"Healer Awakens!"|EVOLVE at Level 20|＠|//癒術士
Collect from Collab. Event|＠|＠|EVOLVE at Level 10|＠|＠|Collect from Collab. Event|"Merc Awakens!"|EVOLVE at Level 20|＠|//メルク
From Monthly Event Stage|Never Summer!|＠|EVOLVE at Level 10|＠|＠|From Awakened Event Stage|End of Holiday|EVOLVE at Level 20|＠|//女王様の休日
Appears after Empire Ch. I: Greece|＠|＠|EVOLVE at Level 10|＠|＠|＠|＠|＠|＠|//マメマメにゃんこ
From Rare Capsule Event|Sengoku Wargods Vajiras|＠|EVOLVE at Level 10|＠|＠|Once Lvl 30 is reached, use|XP and Catfruit to Evolve.|＠|＠|//伊達政宗
From Rare Capsule Event|Sengoku Wargods Vajiras|＠|EVOLVE at Level 10|＠|＠|Once Lvl 30 is reached, use|XP and Catfruit to Evolve.|＠|＠|//武田信玄
From Event Stage|Wrath of Heaven|＠|EVOLVE at Level 10|＠|＠|From Event Stage|Wrath of the Divine|EVOLVE at Level 20|＠|//カラクリにゃんこ
？？？|＠|＠|EVOLVE at Level 10|＠|＠|？？？|＠|＠|＠|//ネコフラワー
From Monthly Event Stage|Ghostly Houseguests|＠|EVOLVE at Level 10|＠|＠|From Awakened Event Stage|Vengeance Awakes!|EVOLVE at Level 20|＠|//うらめしにゃん
Collect from Limited Rare Capsules|＠|＠|EVOLVE at Level 10|＠|＠|＠|＠|＠|＠|//金ネコ
Stage Clear Reward|from Stories of Legend|Jailbreak Tunnel|EVOLVE at Level 10|＠|＠|？？？|＠|＠|＠|//ウルフとウルルン
Collect from Limited Rare Capsules|＠|＠|EVOLVE at Level 10|＠|＠|＠|＠|＠|＠|//ねねこ
From Monthly Event Stage|Old Guys about Town|＠|EVOLVE at Level 10|＠|＠|From Awakened Event Stage|Kung-Fu X Awakes!|EVOLVE at Level 20|＠|//カンフーにゃんこG
Collect as Special Gift|＠|＠|EVOLVE at Level 10|＠|＠|After inputting Code, EVOLVE at Lvl. 20|＠|＠|＠|//ヒカキン
From Rare Capsule Event|Ancient Heroes: Ultra Souls|＠|EVOLVE at Level 10|＠|＠|Once Lvl 30 is reached, use|XP and Catfruit to Evolve.|＠|＠|//うらしまタロウ
From Rare Capsule Event|Ancient Heroes: Ultra Souls|＠|EVOLVE at Level 10|＠|＠|Once Lvl 30 is reached, use|XP and Catfruit to Evolve.|＠|＠|//ツルの恩返し
From Rare Capsule Event|Ancient Heroes: Ultra Souls|＠|EVOLVE at Level 10|＠|＠|Once Lvl 30 is reached, use|XP and Catfruit to Evolve.|＠|＠|//ももたろう
From Rare Capsule Event|Ancient Heroes: Ultra Souls|＠|EVOLVE at Level 10|＠|＠|Once Lvl 30 is reached, use|XP and Catfruit to Evolve.|＠|＠|//かさじぞう
From Rare Capsule Event|Ancient Heroes: Ultra Souls|＠|EVOLVE at Level 10|＠|＠|Once Lvl 30 is reached, use|XP and Catfruit to Evolve.|＠|＠|//かぐやひめ
＠|＠|＠|EVOLVE at Level 10|＠|＠|＠|＠|＠|＠|//ネコンドー
Collect as Special Gift|＠|＠|EVOLVE at Level 10|＠|＠|＠|＠|＠|＠|//ふにゅふにゅネコ
Collect as Special Gift|＠|＠|EVOLVE at Level 10|＠|＠|＠|＠|＠|＠|//神様
Collect as Special Gift|＠|＠|EVOLVE at Level 10|＠|＠|＠|＠|＠|＠|//ネコチュートリアル
From Rare Capsule Event|The Dynamites|＠|EVOLVE at Level 10|＠|＠|Once Lvl 30 is reached, use|XP and Catfruit to Evolve.|＠|＠|//ねこナース
Collect from Limited Rare Capsules|＠|＠|EVOLVE at Level 10|＠|＠|Once Lvl 30 is reached, use|XP and Catfruit to Evolve.|＠|＠|//にゃんこ城Mini
Collect from Rare Capsules!|＠|＠|EVOLVE at Level 10|＠|＠|Once Lvl 30 is reached, use|XP and Catfruit to Evolve.|＠|＠|//ねこガンマン
Collect from Rare Capsules!|＠|＠|EVOLVE at Level 10|＠|＠|Once Lvl 30 is reached, use|XP and Catfruit to Evolve.|＠|＠|//たけうまねこ
Collect from Rare Capsules!|＠|＠|EVOLVE at Level 10|＠|＠|Once Lvl 30 is reached, use|XP and Catfruit to Evolve.|＠|＠|//ブリキネコ
Collect from Rare Capsules!|＠|＠|EVOLVE at Level 10|＠|＠|Once Lvl 30 is reached, use|XP and Catfruit to Evolve.|＠|＠|//ねこロッカー
Collect from Rare Capsules!|＠|＠|EVOLVE at Level 10|＠|＠|Once Lvl 30 is reached, use|XP and Catfruit to Evolve.|＠|＠|//ねこ人魚
Collect from Rare Capsules!|＠|＠|EVOLVE at Level 10|＠|＠|Once Lvl 30 is reached, use|XP and Catfruit to Evolve.|＠|＠|//窓辺の乙女ネコ
Collect from Rare Capsules!|＠|＠|EVOLVE at Level 10|＠|＠|Once Lvl 30 is reached, use|XP and Catfruit to Evolve.|＠|＠|//ネコバーベル
Collect from Rare Capsules!|＠|＠|EVOLVE at Level 10|＠|＠|Once Lvl 30 is reached, use|XP and Catfruit to Evolve.|＠|＠|//ネコスケート
Collect from Rare Capsules!|＠|＠|EVOLVE at Level 10|＠|＠|Once Lvl 30 is reached, use|XP and Catfruit to Evolve.|＠|＠|//ネコトースター
Collect from Event Map|Sweet Irony|＠|EVOLVE at Level 10|＠|＠|Collect from Event Map|Bitter Irony|EVOLVE at Level 20|＠|//ねこフープ
＠|＠|＠|EVOLVE at Level 10|＠|＠|＠|＠|＠|＠|//のべにゃん
Collect from Collab. Event|＠|＠|EVOLVE at Level 10|＠|＠|＠|＠|＠|＠|//ドラリー剣士
Collect from Collab. Event|＠|＠|EVOLVE at Level 10|＠|＠|＠|＠|＠|＠|//ヌボボ
From Rare Capsule Event|Sengoku Wargods Vajiras|＠|EVOLVE at Level 10|＠|＠|Once Lvl 30 is reached, use|XP and Catfruit to Evolve.|＠|＠|//上杉謙信
From Rare Capsule Event|Cyber Academy Galaxy Gals|＠|EVOLVE at Level 10|＠|＠|Once Lvl 30 is reached, use|XP and Catfruit to Evolve.|＠|＠|//冥界のカリファ
Collect from Collab. Event|＠|＠|EVOLVE at Level 10|＠|＠|＠|＠|＠|＠|//ユーリンチー
Collect from Collab. Event|＠|＠|EVOLVE at Level 10|＠|＠|＠|＠|＠|＠|//狂乱のケリ姫
Collect as Special Gift|＠|＠|EVOLVE at Level 10|＠|＠|＠|＠|＠|＠|//綾小路 翔
Collect as Special Gift|＠|＠|EVOLVE at Level 10|＠|＠|＠|＠|＠|＠|//早乙女 光
Collect as Special Gift|＠|＠|EVOLVE at Level 10|＠|＠|＠|＠|＠|＠|//西園寺 瞳
Collect as Special Gift|＠|＠|EVOLVE at Level 10|＠|＠|＠|＠|＠|＠|//星グランマニエ
Collect as Special Gift|＠|＠|EVOLVE at Level 10|＠|＠|＠|＠|＠|＠|//白鳥松竹梅
Collect from Collab. Event|＠|＠|EVOLVE at Level 10|＠|＠|＠|＠|＠|＠|//ネコヤンキー
From Rare Capsule Event|Tales of the Nekoluga|＠|EVOLVE at Level 10|＠|＠|Once Lvl 30 is reached, use|XP and Catfruit to Evolve.|＠|＠|//アシルガ
From Rare Capsule Event|Tales of the Nekoluga|＠|EVOLVE at Level 10|＠|＠|Once Lvl 30 is reached, use|XP and Catfruit to Evolve.|＠|＠|//クビルガ
From Rare Capsule Event|Tales of the Nekoluga|＠|EVOLVE at Level 10|＠|＠|Once Lvl 30 is reached, use|XP and Catfruit to Evolve.|＠|＠|//テコルガ
From Rare Capsule Event|Tales of the Nekoluga|＠|EVOLVE at Level 10|＠|＠|Once Lvl 30 is reached, use|XP and Catfruit to Evolve.|＠|＠|//バララガ
Stage Clear Reward|from Stories of Legend|Dead End Night|EVOLVE at Level 10|＠|＠|？？？|＠|＠|＠|//コニャンダム
Collect from Collab. Event|＠|＠|EVOLVE at Level 10|＠|＠|Once Lvl 30 is reached, use|XP and Catfruit to Evolve.|＠|＠|//厨房マンボウ
Collect from Collab. Event|＠|＠|EVOLVE at Level 10|＠|＠|Once Lvl 30 is reached, use|XP and Catfruit to Evolve.|＠|＠|//マンボ王
Collect from Collab. Event|＠|＠|EVOLVE at Level 10|＠|＠|＠|＠|＠|＠|//にゃんぼう
Collect from Special Event|Sweetest Sorrow|＠|EVOLVE at Level 10|＠|＠|＠|＠|＠|＠|//マシュマロにゃん
From Rare Capsule Event|Lords of Destruction: Dragon Emperors|＠|EVOLVE at Level 10|＠|＠|Once Lvl 30 is reached, use|XP and Catfruit to Evolve.|＠|＠|//覇龍ディオラムス
Collect as Special Gift|＠|＠|EVOLVE at Level 10|＠|＠|＠|＠|＠|＠|//極道にゃんこ
Collect from Collab. Stage|"Annihilated City"|＠|EVOLVE at Level 10|＠|＠|Collect from Event Stage|"Takuya & Yuki Awaken"|EVOLVE at Level 20|＠|
Collect from Collab. Event|＠|＠|EVOLVE at Level 10|＠|＠|Once Lvl 30 is reached, use|XP and Catfruit to Evolve.|＠|＠|//謎の少女ユキ
Collect from Collab. Event|＠|＠|EVOLVE at Level 10|＠|＠|＠|＠|＠|＠|//ゆきにゃん
Collect as Special Gift|＠|＠|EVOLVE at Level 10|＠|＠|＠|＠|＠|＠|//183
Collect from Special Event|The Battle Cats POP!|＠|EVOLVE at Level 10|＠|＠|From Awakened Event Stage|Cat Kart Awakens!|EVOLVE at Level 20|＠|//にゃんこカートR
Collect from Collab. Event|＠|＠|EVOLVE at Level 10|＠|＠|＠|＠|＠|＠|//ミスターニンジャ
Collect from Collab. Event|＠|＠|EVOLVE at Level 10|＠|＠|Once Lvl 30 is reached, use|XP and Catfruit to Evolve.|＠|＠|//ハルシュト
Collect from Collab. Event|＠|＠|EVOLVE at Level 10|＠|＠|＠|＠|＠|＠|//コーネリア
Collect from Collab. Event|＠|＠|EVOLVE at Level 10|＠|＠|Once Lvl 30 is reached, use|XP and Catfruit to Evolve.|＠|＠|//ユーヴェンス
Collect from Collab. Event|＠|＠|EVOLVE at Level 10|＠|＠|＠|＠|＠|＠|//ミスティカ
Collect from Collab. Event|＠|＠|EVOLVE at Level 10|＠|＠|＠|＠|＠|＠|//アロイス
Collect from Collab. Event|＠|＠|EVOLVE at Level 10|＠|＠|＠|＠|＠|＠|//シトルイユ
Collect from Collab. Event|＠|＠|EVOLVE at Level 10|＠|＠|Collect from Collab. Event|"Titi Awakens!"|EVOLVE at Level 20|＠|//ティティ
Collect as Special Gift|＠|＠|EVOLVE at Level 10|＠|＠|＠|＠|＠|＠|//山岡実乃里
Collect as Special Gift|＠|＠|EVOLVE at Level 10|＠|＠|＠|＠|＠|＠|//中村奏絵
From Rare Capsule Event|Justice Strikes Back: Dark Heroes|＠|EVOLVE at Level 10|＠|＠|Once Lvl 30 is reached, use|XP and Catfruit to Evolve.|＠|＠|//アキラ
From Rare Capsule Event|Justice Strikes Back: Dark Heroes|＠|EVOLVE at Level 10|＠|＠|Once Lvl 30 is reached, use|XP and Catfruit to Evolve.|＠|＠|//西園寺メカ子
From Rare Capsule Event|Justice Strikes Back: Dark Heroes|＠|EVOLVE at Level 10|＠|＠|Once Lvl 30 is reached, use|XP and Catfruit to Evolve.|＠|＠|//キャットマンダディ
Collect from Rare Capsules!|＠|＠|EVOLVE at Level 10|＠|＠|Once Lvl 30 is reached, use|XP and Catfruit to Evolve.|＠|＠|//サイキックネコ
Collect from Rare Capsules!|＠|＠|EVOLVE at Level 10|＠|＠|Once Lvl 30 is reached, use|XP and Catfruit to Evolve.|＠|＠|//ねこ陰陽師
Collect from Rare Capsules!|＠|＠|EVOLVE at Level 10|＠|＠|Once Lvl 30 is reached, use|XP and Catfruit to Evolve.|＠|＠|//ネコサーファー
Collect from Limited Rare Capsules|＠|＠|EVOLVE at Level 10|＠|＠|＠|＠|＠|＠|//メタルネコ
Collect from Event Map|Dimension of Despair|＠|EVOLVE at Level 10|＠|＠|From Event Stage|"Dimension of Delirium"|EVOLVE at Level 20|＠|//ドラムメニャー
＠|＠|＠|EVOLVE at Level 10|＠|＠|＠|＠|＠|＠|//小籠包にゃんこ
From Rare Capsule Event|Ancient Heroes: Ultra Souls|＠|EVOLVE at Level 10|＠|＠|Once Lvl 30 is reached, use|XP and Catfruit to Evolve.|＠|＠|//カチカチヤマンズ
Collect from Collab. Event|＠|＠|EVOLVE at Level 10|＠|＠|＠|＠|＠|＠|//アイルー
Collect from Collab. Event|＠|＠|EVOLVE at Level 10|＠|＠|＠|＠|＠|＠|//シェリア【キリン】
Collect from Collab. Event|＠|＠|EVOLVE at Level 10|＠|＠|＠|＠|＠|＠|//リオレウス
Collect from Collab. Event|＠|＠|EVOLVE at Level 10|＠|＠|＠|＠|＠|＠|//リオレイア
Collect from Collab. Event|＠|＠|EVOLVE at Level 10|＠|＠|＠|＠|＠|＠|//キリンネコ
Collect from Limited Event|＠|＠|EVOLVE at Level 10|＠|＠|From Awakened Event Stage|Li'l Cat Awakens!|EVOLVE at Level 20|＠|//ちびネコ
Collect from Limited Event|＠|＠|EVOLVE at Level 10|＠|＠|From Awakened Event Stage|Li'l Tank Awakens!|EVOLVE at Level 20|＠|//ちびタンクネコ
Collect from Limited Event|＠|＠|EVOLVE at Level 10|＠|＠|From Awakened Event Stage|Li'l Axe Awakens!|EVOLVE at Level 20|＠|//ちびバトルネコ
From Rare Capsule Event|Justice Strikes Back: Dark Heroes|＠|EVOLVE at Level 10|＠|＠|Once Lvl 30 is reached, use|XP and Catfruit to Evolve.|＠|＠|//ホワイトラビット
Collect from Special Event|Faster Than Fast Food|＠|EVOLVE at Level 10|＠|＠|From Awakened Event Stage|Catburger Awakens!|EVOLVE at Level 20|＠|//214
Collect from Collab. Event|＠|＠|EVOLVE at Level 10|＠|＠|＠|＠|＠|＠|//百太郎
Collect from Collab. Event|＠|＠|EVOLVE at Level 10|＠|＠|＠|＠|＠|＠|//マルコ
Collect from Collab. Event|＠|＠|EVOLVE at Level 10|＠|＠|＠|＠|＠|＠|//ターマ
Collect from Collab. Event|＠|＠|EVOLVE at Level 10|＠|＠|＠|＠|＠|＠|//エリ
Collect from Collab. Event|＠|＠|EVOLVE at Level 10|＠|＠|＠|＠|＠|＠|//フィオ
Collect from Collab. Event|＠|＠|EVOLVE at Level 10|＠|＠|＠|＠|＠|＠|//SV-001
Collect from Collab. Event|＠|＠|EVOLVE at Level 10|＠|＠|＠|＠|＠|＠|//アレン・オニール
Collect from Collab. Event|＠|＠|EVOLVE at Level 10|＠|＠|＠|＠|＠|＠|//マーズピープル
Collect from Collab. Event|＠|＠|EVOLVE at Level 10|＠|＠|＠|＠|＠|＠|//ヒュージハーミット
Collect from Collab. Event|＠|＠|EVOLVE at Level 10|＠|＠|＠|＠|＠|＠|//ジュピターキング
Collect from Collab. Event|＠|＠|EVOLVE at Level 10|＠|＠|＠|＠|＠|＠|//モーデン元帥
Collect from Collab. Event|＠|＠|EVOLVE at Level 10|＠|＠|＠|＠|＠|＠|//ハイドゥ
From Rare Capsule Event|Justice Strikes Back: Dark Heroes|＠|EVOLVE at Level 10|＠|＠|Once Lvl 30 is reached, use|XP and Catfruit to Evolve.|＠|＠|//呪術師デスピエロ
Collect from Special Event|All Hallow's Road|＠|EVOLVE at Level 10|＠|＠|＠|＠|＠|＠|//にゃんぷきん
From Rare Capsule Event|Halloween Carnival|＠|EVOLVE at Level 10|＠|＠|＠|＠|＠|＠|//ハロウィンねねこ
From Rare Capsule Event|Halloween Carnival|＠|EVOLVE at Level 10|＠|＠|＠|＠|＠|＠|//ウィンディスイート
From Rare Capsule Event|Halloween Carnival|＠|EVOLVE at Level 10|＠|＠|＠|＠|＠|＠|//デビルサンディア
Collect from Collab. Event|＠|＠|EVOLVE at Level 10|＠|＠|＠|＠|＠|＠|//おでん
Collect from Collab. Event|＠|＠|EVOLVE at Level 10|＠|＠|＠|＠|＠|＠|//光の神徒ヴァルキリー
Collect from Collab. Event|＠|＠|EVOLVE at Level 10|＠|＠|＠|＠|＠|＠|//神徒ブリュンヒルデ
Collect from Collab. Event|＠|＠|EVOLVE at Level 10|＠|＠|＠|＠|＠|＠|//神徒スルズ
Collect from Collab. Event|＠|＠|EVOLVE at Level 10|＠|＠|＠|＠|＠|＠|//豊穣の女神フレイヤ
Collect from Collab. Event|＠|＠|EVOLVE at Level 10|＠|＠|＠|＠|＠|＠|//軍神オーディン
Collect from Limited Rare Capsules!|＠|＠|EVOLVE at Level 10|＠|＠|Once Lvl 30 is reached, use|XP and Catfruit to Evolve.|＠|＠|//おかめはちもくネコ
Collect from Limited Rare Capsules!|＠|＠|EVOLVE at Level 10|＠|＠|Once Lvl 30 is reached, use|XP and Catfruit to Evolve.|＠|＠|//ボンボンネコ
Collect from Limited Rare Capsules!|＠|＠|EVOLVE at Level 10|＠|＠|Once Lvl 30 is reached, use|XP and Catfruit to Evolve.|＠|＠|//見習いスニャイパー
From Rare Capsule Event|Tales of the Nekoluga|＠|EVOLVE at Level 10|＠|＠|Once Lvl 30 is reached, use|XP and Catfruit to Evolve.|＠|＠|//トゲルガ
From Rare Capsule Event|Xmas Gals|＠|EVOLVE at Level 10|＠|＠|＠|＠|＠|＠|//雪だるまのスノーカイ
From Rare Capsule Event|Xmas Gals|＠|EVOLVE at Level 10|＠|＠|＠|＠|＠|＠|//サンタのメリークウ
From Rare Capsule Event|Xmas Gals|＠|EVOLVE at Level 10|＠|＠|＠|＠|＠|＠|//聖夜のシスターカッパー
Collect from Special Event|Jolly St. Nick|＠|EVOLVE at Level 10|＠|＠|＠|＠|＠|＠|//ネコのプレゼント
Collect from Limited Event|＠|＠|EVOLVE at Level 10|＠|＠|From Awakened Event Stage|Li'l Gross Awakens!|EVOLVE at Level 20|＠|//ちびキモネコ
Collect from Limited Event|＠|＠|EVOLVE at Level 10|＠|＠|From Awakened Event Stage|Li'l Cow Awakens!|EVOLVE at Level 20|＠|//ちびウシネコ
Collect from Limited Event|＠|＠|EVOLVE at Level 10|＠|＠|From Awakened Event Stage|Li'l Bird Awakens!|EVOLVE at Level 20|＠|//ちびネコノトリ
Collect as Special Gift|＠|＠|EVOLVE at Level 10|＠|＠|＠|＠|＠|＠|//死にたてにゃんこ
Collect from Collab. Event|Castles + Dragons|＠|EVOLVE at Level 10|＠|＠|Collect as Score Reward|from "Castles + Dragons" Collab.|EVOLVE at Level 20|＠|//剣士
Collect from Collab. Event|Castles + Dragons|＠|EVOLVE at Level 10|＠|＠|Collect as Score Reward|from "Castles + Dragons" Collab.|EVOLVE at Level 20|＠|//騎馬兵
Collect from Collab. Event|Castles + Dragons|＠|EVOLVE at Level 10|＠|＠|Collect as Score Reward|from "Castles + Dragons" Collab.|EVOLVE at Level 20|＠|//アシュラ
Collect from Collab. Event|Castles + Dragons|＠|EVOLVE at Level 10|＠|＠|Collect as Score Reward|from "Castles + Dragons" Collab.|EVOLVE at Level 20|＠|//バトルバルーン
Collect from Collab. Event|Castles + Dragons|＠|EVOLVE at Level 10|＠|＠|Collect as Score Reward|from "Castles + Dragons" Collab.|EVOLVE at Level 20|＠|//ドラゴンライダー
Collect from Collab. Event|Castles + Dragons|＠|EVOLVE at Level 10|＠|＠|Collect from Collab. Event|from "Castles + Dragons" Collab.|EVOLVE at Level 20|＠|//プリティキャット
Collect from Collab. Event|＠|＠|EVOLVE at Level 10|＠|＠|Collect from Collab. Event|from "Castles + Dragons" Collab.|EVOLVE at Level 20|＠|//サイクロプス
Collect from Collab. Event|＠|＠|EVOLVE at Level 10|＠|＠|Collect from Collab. Event|from "Castles + Dragons" Collab.|EVOLVE at Level 20|＠|//ゴーレム
From Rare Capsule Event|The Almighties: Majestic Zeus|＠|EVOLVE at Level 10|＠|＠|Once Lvl 30 is reached, use|XP and Catfruit to Evolve.|＠|＠|//天空神ゼウス
From Rare Capsule Event|The Almighties: Majestic Zeus|＠|EVOLVE at Level 10|＠|＠|Once Lvl 30 is reached, use|XP and Catfruit to Evolve.|＠|＠|//守護神アヌビス
From Rare Capsule Event|The Almighties: Majestic Zeus|＠|EVOLVE at Level 10|＠|＠|Once Lvl 30 is reached, use|XP and Catfruit to Evolve.|＠|＠|//美女神アフロディーテ
Collect from Event Map|Clionel Ascendant|＠|EVOLVE at Level 10|＠|＠|Collect from Event Map|Clionel Dominant|EVOLVE at Level 20|＠|//ネコウェイ
From Rare Capsule Event|Justice Strikes Back: Dark Heroes|＠|EVOLVE at Level 10|＠|＠|Once Lvl 30 is reached, use|XP and Catfruit to Evolve.|＠|＠|//天誅ハヤブサ
Collect from Collab. Event|＠|＠|EVOLVE at Level 10|＠|＠|＠|＠|＠|＠|//ニャームス
Collect from Collab. Event|＠|＠|EVOLVE at Level 10|＠|＠|＠|＠|＠|＠|//ポチ
Collect from Collab. Event|＠|＠|EVOLVE at Level 10|＠|＠|＠|＠|＠|＠|//クロミ
Collect from Collab. Event|＠|＠|EVOLVE at Level 10|＠|＠|＠|＠|＠|＠|//せつ子
Collect from Collab. Event|＠|＠|EVOLVE at Level 10|＠|＠|＠|＠|＠|＠|//ねば～る君
Collect from Event Map|Red Sky at Morning|＠|EVOLVE at Level 10|＠|＠|Collect from Event Map|Red Sky at Night|EVOLVE at Level 20|＠|//ネコタイフーン
Stage Clear Reward|from Stories of Legend|Weak And Mildly Acidic|EVOLVE at Level 10|＠|＠|？？？|＠|＠|＠|//ネコずきんミーニャ
From Rare Capsule Event|UBER FEST|＠|EVOLVE at Level 10|＠|＠|＠|＠|＠|＠|//幼獣ガオ
Collect from Collab. Event|＠|＠|EVOLVE at Level 10|＠|＠|Once Lvl 30 is reached, use|XP and Catfruit to Evolve.|＠|＠|//狂乱のユキ
From Rare Capsule Event|The Almighties: Majestic Zeus|＠|EVOLVE at Level 10|＠|＠|Once Lvl 30 is reached, use|XP and Catfruit to Evolve.|＠|＠|//太陽神アマテラス
From Rare Capsule Event|The Almighties: Majestic Zeus|＠|EVOLVE at Level 10|＠|＠|Once Lvl 30 is reached, use|XP and Catfruit to Evolve.|＠|＠|//繁栄神ガネーシャ
From Event Stage|The Rolling Dead|＠|EVOLVE at Level 10|＠|＠|Collect from Event Map|The Dead Keep Rolling|EVOLVE at Level 20|＠|//チアにゃんこ
From Rare Capsule Event|Gals of Summer|＠|EVOLVE at Level 10|＠|＠|＠|＠|＠|＠|//トロピカルカリファ
From Rare Capsule Event|Gals of Summer|＠|EVOLVE at Level 10|＠|＠|＠|＠|＠|＠|//真夏のホワイトラビット
From Rare Capsule Event|Gals of Summer|＠|EVOLVE at Level 10|＠|＠|＠|＠|＠|＠|//夏色ねねこ
Collect from Collab. Event|＠|＠|EVOLVE at Level 10|＠|＠|＠|＠|＠|＠|//なめこ
Collect from Collab. Event|＠|＠|EVOLVE at Level 10|＠|＠|＠|＠|＠|＠|//なめこタンク
Collect from Collab. Event|＠|＠|EVOLVE at Level 10|＠|＠|＠|＠|＠|＠|//白ネコなめこ
Collect from Collab. Event|＠|＠|EVOLVE at Level 10|＠|＠|＠|＠|＠|＠|//要塞なめこ
Collect from Collab. Event|＠|＠|EVOLVE at Level 10|＠|＠|＠|＠|＠|＠|//ふてニャン
Collect from Special Event|Summer Diary|＠|EVOLVE at Level 10|＠|＠|＠|＠|＠|＠|//ネコ阿波踊り
From Rare Capsule Event|Red Busters|＠|EVOLVE at Level 10|＠|＠|Once Lvl 30 is reached, use|XP and Catfruit to Evolve.|＠|＠|//猫飯拳パイパイ
Collect from Special Event|River Styx|＠|EVOLVE at Level 10|＠|＠|Collect from Event Map|"River Acheron"|EVOLVE at Level 20|＠|//ネコ特急
Collect as Special Gift|＠|＠|EVOLVE at Level 10|＠|＠|＠|＠|＠|＠|//狂乱の小籠包にゃんこ
From Rare Capsule Event|Air Busters|＠|EVOLVE at Level 10|＠|＠|Once Lvl 30 is reached, use|XP and Catfruit to Evolve.|＠|＠|//閃雷機兵レイ
Collect from Special Event|"Queen's Coronation"|＠|EVOLVE at Level 10|＠|＠|Collect from Event Stage|"Queen's Condemnation"|EVOLVE at Level 20|＠|//ネコ球児
Collect from Collab. Event|＠|＠|EVOLVE at Level 10|＠|＠|＠|＠|＠|＠|//鹿目まどか
Collect from Collab. Event|＠|＠|EVOLVE at Level 10|＠|＠|＠|＠|＠|＠|//暁美ほむら
Collect from Collab. Event|＠|＠|EVOLVE at Level 10|＠|＠|＠|＠|＠|＠|//美樹さやか
Collect from Collab. Event|＠|＠|EVOLVE at Level 10|＠|＠|＠|＠|＠|＠|//巴マミ
Collect from Collab. Event|＠|＠|EVOLVE at Level 10|＠|＠|＠|＠|＠|＠|//佐倉杏子
Collect from Collab. Event|＠|＠|EVOLVE at Level 10|＠|＠|＠|＠|＠|＠|//キュゥべえ
Collect from Collab. Event|＠|＠|EVOLVE at Level 10|＠|＠|＠|＠|＠|＠|//ネコまどか
Collect from Collab. Event|＠|＠|EVOLVE at Level 10|＠|＠|＠|＠|＠|＠|//ネコほむら
Collect from Collab. Event|＠|＠|EVOLVE at Level 10|＠|＠|＠|＠|＠|＠|//ネコさやか
Collect from Collab. Event|＠|＠|EVOLVE at Level 10|＠|＠|＠|＠|＠|＠|//ネコマミ
Collect from Collab. Event|＠|＠|EVOLVE at Level 10|＠|＠|＠|＠|＠|＠|//ネコ杏子
Collect from Collab. Event|"Puella Magi Madoka Magica"|＠|EVOLVE at Level 10|＠|＠|Collect from Collab. Event Map|"Walpurgisnacht"|EVOLVE at Level 20|＠|//ちびまどか
Collect from Collab. Event|＠|＠|EVOLVE at Level 10|＠|＠|Collect from Collab. Event Map|"A Fake Mitakihara"|EVOLVE at Level 20|＠|//ちびほむら
Collect from Collab. Event|"Puella Magi Madoka Magica"|＠|EVOLVE at Level 10|＠|＠|＠|＠|＠|＠|//ネコキュゥべえ
From Rare Capsule Event|Halloween Carnival|＠|EVOLVE at Level 10|＠|＠|Once Lvl 30 is reached, use|XP and Catfruit to Evolve.|＠|＠|//ネコアイスゴースト
Collect from Special Event|A Cultured Festival|＠|EVOLVE at Level 10|＠|＠|＠|＠|＠|＠|//ネコ屋台
From Rare Capsule Event|Iron Legion|＠|EVOLVE at Level 10|＠|＠|Once Lvl 30 is reached, use|XP and Catfruit to Evolve.|＠|＠|//帝国陸軍カタパルズ
From Rare Capsule Event|Iron Legion|＠|EVOLVE at Level 10|＠|＠|Once Lvl 30 is reached, use|XP and Catfruit to Evolve.|＠|＠|//古代軍船ガレーズ
From Rare Capsule Event|Iron Legion|＠|EVOLVE at Level 10|＠|＠|Once Lvl 30 is reached, use|XP and Catfruit to Evolve.|＠|＠|//飛空襲撃ボンバーズ
Collect from Rare Capsules!|＠|＠|EVOLVE at Level 10|＠|＠|Once Lvl 30 is reached, use|XP and Catfruit to Evolve.|＠|＠|//ネコジャンパー
Collect from Rare Capsules!|＠|＠|EVOLVE at Level 10|＠|＠|Once Lvl 30 is reached, use|XP and Catfruit to Evolve.|＠|＠|//ネコバサミ
||||||||||//ネコ博士
From Rare Capsule Event|Xmas Gals|＠|EVOLVE at Level 10|＠|＠|Once Lvl 30 is reached, use|XP and Catfruit to Evolve.|＠|＠|//ネコナースキャンドル
Collect from Limited Event|＠|＠|EVOLVE at Level 10|＠|＠|From Awakened Event Stage|Li'l Fish Awakens!|EVOLVE at Level 20|＠|//ちびネコフィッシュ
Collect from Limited Event|＠|＠|EVOLVE at Level 10|＠|＠|From Awakened Event Stage|Li'l Lizard Awakens!|EVOLVE at Level 20|＠|//ちびねこトカゲ
Collect from Limited Event|＠|＠|EVOLVE at Level 10|＠|＠|From Awakened Event Stage|Li'l Titan Awakens!|EVOLVE at Level 20|＠|//ちび巨神ネコ
From "New Years ONLY!"|Rare Capsule Event|＠|EVOLVE at Level 10|＠|＠|＠|＠|＠|＠|//年末年始ねねこ
Collect from Collab. Event|Pikotaro|＠|EVOLVE at Level 10|＠|＠|＠|＠|＠|＠|//太郎
From Rare Capsule Event|The Almighties: Majestic Zeus|＠|EVOLVE at Level 10|＠|＠|Once Lvl 30 is reached, use|XP and Catfruit to Evolve.|＠|＠|//ポセイドン
Collect from Collab. Event|＠|＠|EVOLVE at Level 10|＠|＠|＠|＠|＠|＠|//CPAC
From Rare Capsule Event|UBER FEST|＠|EVOLVE at Level 10|＠|＠|＠|＠|＠|＠|//巫女姫ミタマ
Collect from Special Event|Day of the Cat|＠|EVOLVE at Level 10|＠|＠|＠|＠|＠|＠|//殺意のネコ
||||||||||//321
||||||||||//ナゾウサギ
From Rare Capsule Event|Ancient Heroes: Ultra Souls|＠|EVOLVE at Level 10|＠|＠|Once Lvl 30 is reached, use|XP and Catfruit to Evolve.|＠|＠|//さるかに合戦
Stage Clear Reward|from Stories of Legend|Walk of Fame|EVOLVE at Level 10|＠|＠|？？？|＠|＠|＠|//宮木武蔵
Collect from Special Event|"Dead on Debut"|＠|EVOLVE at Level 10|＠|＠|Collect from Event Map|"Dead by Encore"|EVOLVE at Level 20|＠|//ネコストーン
Collect from Rare Capsules!|＠|＠|EVOLVE at Level 10|＠|＠|Once Lvl 30 is reached, use|XP and Catfruit to Evolve.|＠|＠|//ネコボクサー
Collect from Collab. Event|＠|＠|EVOLVE at Level 10|＠|＠|＠|＠|＠|＠|//メビウス
Collect from Collab. Event|＠|＠|EVOLVE at Level 10|＠|＠|＠|＠|＠|＠|//ベリアル
Collect from Collab. Event|＠|＠|EVOLVE at Level 10|＠|＠|＠|＠|＠|＠|//ハッピー100
Collect from Special Event|Spring Sprang Sprung|＠|EVOLVE at Level 10|＠|＠|＠|＠|＠|＠|//ネコエッグ
From Rare Capsule Event|Easter Carnival|＠|EVOLVE at Level 10|＠|＠|＠|＠|＠|＠|//上杉謙信・春
From Rare Capsule Event|Easter Carnival|＠|EVOLVE at Level 10|＠|＠|＠|＠|＠|＠|//道化師エッグダック
From Rare Capsule Event|Easter Carnival|＠|EVOLVE at Level 10|＠|＠|＠|＠|＠|＠|//イースターねねこ
From Rare Capsule Event|EPICFEST|＠|EVOLVE at Level 10|＠|＠|＠|＠|＠|＠|//黒獣ガオウ
From Rare Capsule Event|Girls & Monsters|＠|EVOLVE at Level 10|＠|＠|Once Lvl 30 is reached, use|XP and Catfruit to Evolve.|＠|＠|//九尾の狐娘ヒメユリ
From Rare Capsule Event|Girls & Monsters|＠|EVOLVE at Level 10|＠|＠|Once Lvl 30 is reached, use|XP and Catfruit to Evolve.|＠|＠|//人魚娘ルリィ
From Rare Capsule Event|Girls & Monsters|＠|EVOLVE at Level 10|＠|＠|Once Lvl 30 is reached, use|XP and Catfruit to Evolve.|＠|＠|//ミイラ娘レイカ
Collect from Collab. Event|＠|＠|EVOLVE at Level 10|＠|＠|＠|＠|＠|＠|//プリンセスケリ姫号
From Rare Capsule Event|Sengoku Wargods Vajiras|＠|EVOLVE at Level 10|＠|＠|Once Lvl 30 is reached, use|XP and Catfruit to Evolve.|＠|＠|//今川義元
？？？|＠|＠|EVOLVE at Level 10|＠|＠|＠|＠|＠|＠|//にゃんこ城壁ユニット
Collect from Collab. Stage|"The Lost World"|＠|EVOLVE at Level 10|＠|＠|＠|＠|＠|＠|//赤髪のゆきにゃん
Collect from Collab. Event|＠|＠|EVOLVE at Level 10|＠|＠|Once Lvl 30 is reached, use|XP and Catfruit to Evolve.|＠|＠|//失われし世界のユキ
Collect from Limited Event|＠|＠|EVOLVE at Level 10|＠|＠|＠|＠|＠|＠|//ネコまねき
Collect from Limited Event|"Sliming to Victory!"|＠|EVOLVE at Level 10|＠|＠|＠|＠|＠|＠|//なめネコ
Collect from Collab. Event|＠|＠|EVOLVE at Level 10|＠|＠|Once Lvl 30 is reached, use|XP and Catfruit to Evolve.|＠|＠|//オルトス
Collect from Collab. Event|＠|＠|EVOLVE at Level 10|＠|＠|Once Lvl 30 is reached, use|XP and Catfruit to Evolve.|＠|＠|//ミシェリア
Collect from Collab. Event|＠|＠|EVOLVE at Level 10|＠|＠|＠|＠|＠|＠|//とどめき
Collect as Special Gift|＠|＠|EVOLVE at Level 10|＠|＠|＠|＠|＠|＠|//ぐでたまにゃんこ
Collect from Collab. Event|＠|＠|EVOLVE at Level 10|＠|＠|＠|＠|＠|＠|//ぐでたまプレート
Collect from Collab. Event|＠|＠|EVOLVE at Level 10|＠|＠|＠|＠|＠|＠|//ぐでぐでプリン
Collect from Collab. Event|＠|＠|EVOLVE at Level 10|＠|＠|＠|＠|＠|＠|//ニセたま軍団
From Rare Capsule Event|Cyber Academy Galaxy Gals|＠|EVOLVE at Level 10|＠|＠|Once Lvl 30 is reached, use|XP and Catfruit to Evolve.|＠|＠|//双掌星のシシル＆コマリ
Collect from ???|＠|＠|EVOLVE at Level 10|＠|＠|＠|＠|＠|＠|//ネコ仙人
||||||||||
From Rare Capsule Event|Gals of Summer|＠|EVOLVE at Level 10|＠|＠|＠|＠|＠|＠|//常夏の果実カイ
From Rare Capsule Event|Iron Legion|＠|EVOLVE at Level 10|＠|＠|Once Lvl 30 is reached, use|XP and Catfruit to Evolve.|＠|＠|//観測兵器ガリレオ
Collect from Collab. Event|＠|＠|EVOLVE at Level 10|＠|＠|＠|＠|＠|＠|//ノラ
From Rare Capsule Event|Girls & Monsters|＠|EVOLVE at Level 10|＠|＠|Once Lvl 30 is reached, use|XP and Catfruit to Evolve.|＠|＠|//狼娘ディル
From Rare Capsule Event|Girls & Monsters|＠|EVOLVE at Level 10|＠|＠|Once Lvl 30 is reached, use|XP and Catfruit to Evolve.|＠|＠|//ゾンビ娘ヴェルヴェーヌ
From Rare Capsule Event|Elemental Pixies|＠|EVOLVE at Level 10|＠|＠|Once Lvl 30 is reached, use|XP and Catfruit to Evolve.|＠|＠|//火の精霊メララ
From Rare Capsule Event|Elemental Pixies|＠|EVOLVE at Level 10|＠|＠|Once Lvl 30 is reached, use|XP and Catfruit to Evolve.|＠|＠|//水の精霊ミズリィ
From Rare Capsule Event|Elemental Pixies|＠|EVOLVE at Level 10|＠|＠|Once Lvl 30 is reached, use|XP and Catfruit to Evolve.|＠|＠|//風の精霊エアル
Collect from Collab. Event|＠|＠|EVOLVE at Level 10|＠|＠|Once Lvl 30 is reached, use|XP and Catfruit to Evolve.|＠|＠|//セイバー
Collect from Collab. Event|＠|＠|EVOLVE at Level 10|＠|＠|＠|＠|＠|＠|//遠坂　凛
Collect from Collab. Event|＠|＠|EVOLVE at Level 10|＠|＠|＠|＠|＠|＠|//イリヤスフィール
Collect from Collab. Event|＠|＠|EVOLVE at Level 10|＠|＠|＠|＠|＠|＠|//アーチャー
Collect from Collab. Event|＠|＠|EVOLVE at Level 10|＠|＠|＠|＠|＠|＠|//ランサー
Collect from Collab. Event|＠|＠|EVOLVE at Level 10|＠|＠|＠|＠|＠|＠|//ライダー
Collect from Collab. Event|＠|＠|EVOLVE at Level 10|＠|＠|＠|＠|＠|＠|//ギルガメッシュ
Collect from Collab. Event|＠|＠|EVOLVE at Level 10|＠|＠|From Event Stage|"Holy War: Saber Alter"|EVOLVE at Level 20|＠|//ネコセイバー
Collect from Collab. Event|＠|＠|EVOLVE at Level 10|＠|＠|Once Lvl 30 is reached, use|XP and Catfruit to Evolve.|＠|＠|//ネコ桜
Collect from Collab. Event|＠|＠|EVOLVE at Level 10|＠|＠|＠|＠|＠|＠|//ネコ凛
Collect from Collab. Event|＠|＠|EVOLVE at Level 10|＠|＠|＠|＠|＠|＠|//ネコイリヤ
Collect from Collab Stage|"The Holy Grail War"|＠|EVOLVE at Level 10|＠|＠|＠|＠|＠|＠|//ちび士郎
Collect from Collab. Event|＠|＠|EVOLVE at Level 10|＠|＠|＠|＠|＠|＠|//ちび桜
Collect from Limited Event|＠|＠|EVOLVE at Level 10|＠|＠|＠|＠|＠|＠|//記念ネコ
Collect from Rare Capsules!|＠|＠|EVOLVE at Level 10|＠|＠|Once Lvl 30 is reached, use|XP and Catfruit to Evolve.|＠|＠|//ネコ探査機
Collect from Rare Capsules!|＠|＠|EVOLVE at Level 10|＠|＠|Once Lvl 30 is reached, use|XP and Catfruit to Evolve.|＠|＠|//ネコフェンシング
From Rare Capsule Event|EPICFEST|＠|EVOLVE at Level 10|＠|＠|＠|＠|＠|＠|//黒無垢のミタマ
Collect from Event Map|"The 2nd Dimension"|＠|EVOLVE at Level 10|＠|＠|Collect from Event Map|"The 3rd Dimension"|EVOLVE at Level 20|＠|//ネコバレー
From Rare Capsule Event|UBERFEST|＠|EVOLVE at Level 10|＠|＠|＠|＠|＠|＠|//幼傑ダルターニャ
Collect from Limited Event|＠|＠|EVOLVE at Level 10|＠|＠|＠|＠|＠|＠|//ねこ農家
From Event Stage|"King Wahwah's Revenge"|＠|EVOLVE at Level 10|＠|＠|Collect from Event Map|"King Wahwah's Return"|EVOLVE at Level 20|＠|//ガラスネコ
Collect from ???|＠|＠|EVOLVE at Level 10|＠|＠|＠|＠|＠|＠|//謎仮面のウララー
Collect from Collab. Event|＠|＠|EVOLVE at Level 10|＠|＠|＠|＠|＠|＠|//氷上聡里＆ネコ
Collect from Collab. Stage|Sophomore Summer|＠|EVOLVE at Level 10|＠|＠|Collect from Collab. Stage|Prof. Wild's Challenge|EVOLVE at Level 20|＠|//矢部明雄
Collect from Collab. Stage|Date Chance: Sairi|＠|EVOLVE at Level 10|＠|＠|＠|＠|＠|＠|//虹谷彩理
Collect from Collab. Stage|Date Chance: Misaki|＠|EVOLVE at Level 10|＠|＠|＠|＠|＠|＠|//紺野美崎
Collect from Collab. Stage|Date Chance: Ren|＠|EVOLVE at Level 10|＠|＠|＠|＠|＠|＠|//片桐恋
Collect from Collab. Stage|Date Chance: Karin|＠|EVOLVE at Level 10|＠|＠|＠|＠|＠|＠|//猫塚かりん
Collect from Collab. Event|＠|＠|EVOLVE at Level 10|＠|＠|Once Lvl 30 is reached, use|XP and Catfruit to Evolve.|＠|＠|//早川あおい
Collect from Collab. Event|＠|＠|EVOLVE at Level 10|＠|＠|Once Lvl 30 is reached, use|XP and Catfruit to Evolve.|＠|＠|//橘みずき
Collect from Collab. Event|＠|＠|EVOLVE at Level 10|＠|＠|Once Lvl 30 is reached, use|XP and Catfruit to Evolve.|＠|＠|//六道聖
Collect from Collab. Event|＠|＠|EVOLVE at Level 10|＠|＠|Once Lvl 30 is reached, use|XP and Catfruit to Evolve.|＠|＠|//新島早紀
Collect from Collab. Event|＠|＠|EVOLVE at Level 10|＠|＠|Once Lvl 30 is reached, use|XP and Catfruit to Evolve.|＠|＠|//星井スバル
Collect from Collab. Event|＠|＠|EVOLVE at Level 10|＠|＠|Once Lvl 30 is reached, use|XP and Catfruit to Evolve.|＠|＠|//小山雅
From Rare Capsule Event|Dragon Emperors|＠|EVOLVE at Level 10|＠|＠|Once Lvl 30 is reached, use|XP and Catfruit to Evolve.|＠|＠|//古龍ガングリオン
From Rare Capsule Event|Metal Busters|＠|EVOLVE at Level 10|＠|＠|Once Lvl 30 is reached, use|XP and Catfruit to Evolve.|＠|＠|//風隼さくら
期間限定イベントステージ|「？？？」で入手可能|＠|Lv10で進化|＠|＠|＠|＠|＠|＠|//ハニトンくん
Collect from Collab. Event|Mentori's Masterplan|＠|EVOLVE at Level 10|＠|＠|＠|＠|＠|＠|//めんトリ
Collect from Collab. Event|＠|＠|EVOLVE at Level 10|＠|＠|＠|＠|＠|＠|//イモウト
From Rare Capsule Event|Elemental Pixies|＠|EVOLVE at Level 10|＠|＠|Once Lvl 30 is reached, use|XP and Catfruit to Evolve.|＠|＠|//雷の精霊ボルト
Collect from Collab. Stage|"Evangelion Activates!"|＠|EVOLVE at Level 10|＠|＠|Collect from Collab. Stage|"Unit-13 Strikes!"|EVOLVE at Level 20|＠|//ちびシンジ
Collect from Collab. Event|＠|＠|EVOLVE at Level 10|＠|＠|＠|＠|＠|＠|//ネコゲンドウ＆ネコ冬月
Collect from Collab. Stage|"The 9th Angel Strikes!"|＠|EVOLVE at Level 10|＠|＠|＠|＠|＠|＠|//ネコキリン初号機
Collect from Collab. Event|＠|＠|EVOLVE at Level 10|＠|＠|Collect from Collab. Stage|"The 10th Angel Strikes!"|EVOLVE at Level 20|＠|//ちびカヲル
Collect from Collab. Event|＠|＠|EVOLVE at Level 10|＠|＠|＠|＠|＠|＠|//ネコレイ
Collect from Collab. Event|＠|＠|EVOLVE at Level 10|＠|＠|＠|＠|＠|＠|//ネコアスカ
Collect from Collab. Event|＠|＠|EVOLVE at Level 10|＠|＠|＠|＠|＠|＠|//ネコマリ
Collect from Collab. Event|＠|＠|EVOLVE at Level 10|＠|＠|＠|＠|＠|＠|//ちびレイ
Collect from Collab. Event|＠|＠|EVOLVE at Level 10|＠|＠|Once Lvl 30 is reached, use|XP and Catfruit to Evolve.|＠|＠|//ちびアスカ
Collect from Collab. Event|＠|＠|EVOLVE at Level 10|＠|＠|＠|＠|＠|＠|//ちびマリ
Collect from Collab. Event|＠|＠|EVOLVE at Level 10|＠|＠|＠|＠|＠|＠|//エヴァ零号機
Collect from Collab. Event|＠|＠|EVOLVE at Level 10|＠|＠|＠|＠|＠|＠|//エヴァ初号機
Collect from Collab. Event|＠|＠|EVOLVE at Level 10|＠|＠|Once Lvl 30 is reached, use|XP and Catfruit to Evolve.|＠|＠|//エヴァ２号機
Collect from Collab. Event|＠|＠|EVOLVE at Level 10|＠|＠|＠|＠|＠|＠|//ネコシンジ
Collect from Collab. Event|＠|＠|EVOLVE at Level 10|＠|＠|＠|＠|＠|＠|//ゼロムーンオペレーターズ
From Rare Capsule Event|"Iron Legion"|＠|EVOLVE at Level 10|＠|＠|Once Lvl 30 is reached, use|XP and Catfruit to Evolve.|＠|＠|//温泉天国テルマエ
Collect from Limited Event|"Crazed Moneko"|＠|EVOLVE at Level 10|＠|＠|＠|＠|＠|＠|//狂乱のもねこ
Collect from Collab. Stage|"Poko Forest Friends!"|＠|EVOLVE at Level 10|＠|＠|＠|＠|＠|＠|//ポコタ
Collect from Collab. Stage|"Poko Forest Friends!"|＠|EVOLVE at Level 10|＠|＠|＠|＠|＠|＠|//オビス
Collect from Collab. Stage|"Poko Forest Friends!"|＠|EVOLVE at Level 10|＠|＠|＠|＠|＠|＠|//ココ
||||||||||//太秦萌＆ネコ
||||||||||//松賀咲＆ネコ
||||||||||//小野ミサ＆ネコ
||||||||||//太秦麗＆ネコ
Collect from ???|＠|＠|EVOLVE at Level 10|＠|＠|＠|＠|＠|＠|//ぶんぶんネコライダー
From Rare Capsule Event|"The Dynamites"|＠|EVOLVE at Level 10|＠|＠|Once Lvl 30 is reached, use|XP and Catfruit to Evolve.|＠|＠|//ネコクエスト
Collect from Collab. Event|＠|＠|EVOLVE at Level 10|＠|＠|＠|＠|＠|＠|//そうまにゃん
Collect from Collab. Event|＠|＠|EVOLVE at Level 10|＠|＠|＠|＠|＠|＠|//オタネコギーク
||||||||||//ぐでネコマシン
From Rare Capsule Event|Dark Heroes|＠|EVOLVE at Level 10|＠|＠|Once Lvl 30 is reached, use|XP and Catfruit to Evolve.|＠|＠|//亡者探偵ヴィグラー
Collect from Collab. Event|＠|＠|EVOLVE at Level 10|＠|＠|＠|＠|＠|＠|//ベタックマ
Collect from Collab. Event|＠|＠|EVOLVE at Level 10|＠|＠|＠|＠|＠|＠|//ネコックマ
期間限定コラボイベントで入手可能|＠|＠|Lv10で進化|＠|＠|＠|＠|＠|＠|//白にゃんこ剣士
Collect from Limited Rare Capsules|＠|＠|EVOLVE at Level 10|＠|＠|＠|＠|＠|＠|//SDネコヴァルキリー
From Rare Capsule Event|Tales of the Nekoluga|＠|EVOLVE at Level 10|＠|＠|Once Lvl 30 is reached, use|XP and Catfruit to Evolve.|＠|＠|
"???"|＠|＠|EVOLVE at Level 10|＠|＠|＠|＠|＠|＠|//激・神さま
From Rare Capsule Event|Gals of Summer|＠|EVOLVE at Level 10|＠|＠|＠|＠|＠|＠|//灼熱のビーチクウ
From Rare Capsule Event|The Almighties: Majestic Zeus|＠|EVOLVE at Level 10|＠|＠|Once Lvl 30 is reached, use|XP and Catfruit to Evolve.|＠|＠|//時空神クロノス
Collect from Collab. Event|＠|＠|EVOLVE at Level 10|＠|＠|＠|＠|＠|＠|//ベベ
From Rare Capsule Event|EPICFEST|＠|EVOLVE at Level 10|＠|＠|＠|＠|＠|＠|//影傑ダークダルターニャ
From Event Stage|"Deeply Dreaming"|＠|EVOLVE at Level 10|＠|＠|From Event Stage|"A Deeper Dream"|EVOLVE at Level 20|＠|//子連れにゃんこ
Collect from Limited Rare Capsules|＠|＠|EVOLVE at Level 10|＠|＠|Once Lvl 30 is reached, use|XP and Catfruit to Evolve.|＠|＠|//戦隊ドリラ
Collect from Limited Rare Capsules|＠|＠|EVOLVE at Level 10|＠|＠|Once Lvl 30 is reached, use|XP and Catfruit to Evolve.|＠|＠|//戦隊ウチコンガ
Collect from Limited Rare Capsules|＠|＠|EVOLVE at Level 10|＠|＠|Once Lvl 30 is reached, use|XP and Catfruit to Evolve.|＠|＠|//戦隊チョキンドス
Collect from Limited Rare Capsules|＠|＠|EVOLVE at Level 10|＠|＠|Once Lvl 30 is reached, use|XP and Catfruit to Evolve.|＠|＠|//戦隊ショベリン
Collect from Limited Rare Capsules|＠|＠|EVOLVE at Level 10|＠|＠|Once Lvl 30 is reached, use|XP and Catfruit to Evolve.|＠|＠|//戦隊チャッソ
Collect from ???|＠|＠|EVOLVE at Level 10|＠|＠|＠|＠|＠|＠|//宮本武蔵
Collect from ???|＠|＠|EVOLVE at Level 10|＠|＠|＠|＠|＠|＠|//聖会長ジャンヌダルク
Collect from ???|＠|＠|EVOLVE at Level 10|＠|＠|＠|＠|＠|＠|//天城龍バベル
Collect at Stage ???|＠|＠|EVOLVE at Level 10|＠|＠|＠|＠|＠|＠|//うしわか丸
Collect from Event Stage|"Typhoon Nemo"|＠|EVOLVE at Level 10|＠|＠|Collect from Event Stage|"Typhoon Nihil"|EVOLVE at Level 20|＠|//古代ネコ
||||||||||
||||||||||
Collect from ???|＠|＠|EVOLVE at Level 10|＠|＠|＠|＠|＠|＠|//ワンダー・モモコ
Collect from Collab. Event|＠|＠|EVOLVE at Level 10|＠|＠|＠|＠|＠|＠|//間桐桜
Collect from Collab. Event|＠|＠|EVOLVE at Level 10|＠|＠|＠|＠|＠|＠|//ネコ士郎
Collect from Collab. Event|＠|＠|EVOLVE at Level 10|＠|＠|＠|＠|＠|＠|//アーチャーネコ
Collect from Collab. Event|＠|＠|EVOLVE at Level 10|＠|＠|＠|＠|＠|＠|//ネコライダー
Collect from Collab. Event|＠|＠|EVOLVE at Level 10|＠|＠|＠|＠|＠|＠|//ネコ言峰＆ネコギルガメッシュ
Collect from ???|＠|＠|EVOLVE at Level 10|＠|＠|＠|＠|＠|＠|//レジェルガ
Collect from ???|＠|＠|EVOLVE at Level 10|＠|＠|＠|＠|＠|＠|//フィリバスターX
Collect from ???|＠|＠|EVOLVE at Level 10|＠|＠|＠|＠|＠|＠|//終末兵器ムー
Collect from ???|＠|＠|EVOLVE at Level 10|＠|＠|＠|＠|＠|＠|//土偶戦士ドグ丸
||||||||||//465
Collect from Collab. Event|＠|＠|EVOLVE at Level 10|＠|＠|＠|＠|＠|＠|//ブラックゼウス
Collect from Collab. Event|＠|＠|EVOLVE at Level 10|＠|＠|Once Lvl 30 is reached, use|XP and Catfruit to Evolve.|＠|＠|//スーパーゼウス
Collect from Collab. Event|＠|＠|EVOLVE at Level 10|＠|＠|Once Lvl 30 is reached, use|XP and Catfruit to Evolve.|＠|＠|//聖フェニックス
Collect from Collab. Event|＠|＠|EVOLVE at Level 10|＠|＠|Once Lvl 30 is reached, use|XP and Catfruit to Evolve.|＠|＠|//スーパーデビル
Collect from Collab. Event|＠|＠|EVOLVE at Level 10|＠|＠|＠|＠|＠|＠|//サタンマリア
Collect from Collab. Event|＠|＠|EVOLVE at Level 10|＠|＠|＠|＠|＠|＠|//ヘラクライトス
Collect from Collab. Event|＠|＠|EVOLVE at Level 10|＠|＠|＠|＠|＠|＠|//ネロ魔身
Collect from Collab. Stage|"Spirit War"|＠|EVOLVE at Level 10|＠|＠|Collect from Collab. Stage|"Yamato Awakens!"|EVOLVE at Level 20|＠|//ヤマト王子
Collect from Collab. Event|＠|＠|EVOLVE at Level 10|＠|＠|Collect from Collab. Stage|"Devilish Illusion"|EVOLVE at Level 20|＠|//十字架天使
Collect from Collab. Event|＠|＠|EVOLVE at Level 10|＠|＠|＠|＠|＠|＠|//ネコ若神子
Collect from Collab. Event|＠|＠|EVOLVE at Level 10|＠|＠|＠|＠|＠|＠|//ネコデビル
Collect from Collab. Event|＠|＠|EVOLVE at Level 10|＠|＠|＠|＠|＠|＠|//ネコの助
Collect from ???|＠|＠|EVOLVE at Level 10|＠|＠|＠|＠|＠|＠|//幻の精霊ルミナ
||||||||||//グミネコ
||||||||||//ねこ娘
Collect from ???|＠|＠|EVOLVE at Level 10|＠|＠|＠|＠|＠|＠|//超越科学者ヘヴン博士
Collect from Collab. Event|＠|＠|EVOLVE at Level 10|＠|＠|＠|＠|＠|＠|//ソウマ
Collect from Collab. Stage|"The World Beyond"|＠|EVOLVE at Level 10|＠|＠|＠|＠|＠|＠|//カノとソウマ
Collect from Limited Rare Capsules|＠|＠|EVOLVE at Level 10|＠|＠|＠|＠|＠|＠|//黒ちびヴァルキリー
||||||||||//カレット
||||||||||ひな
Collect from Collab. Event|＠|＠|EVOLVE at Level 10|＠|＠|＠|＠|＠|＠|//エヴァ８号機
Collect from Collab. Event|＠|＠|EVOLVE at Level 10|＠|＠|＠|＠|＠|＠|//空中艦艇ネコヴンダー
Collect from Collab. Event|＠|＠|EVOLVE at Level 10|＠|＠|＠|＠|＠|＠|//ちびミサト
Collect from Collab. Event|＠|＠|EVOLVE at Level 10|＠|＠|＠|＠|＠|＠|//ちびリツコ
Collect from Collab. Event|＠|＠|EVOLVE at Level 10|＠|＠|＠|＠|＠|＠|//ちびアヤナミレイ(仮称)
||||||||||//492
Collect from ???|＠|＠|EVOLVE at Level 10|＠|＠|＠|＠|＠|＠|//創造神ガイア
From Rare Capsule Event|Gals of Summer|＠|EVOLVE at Level 10|＠|＠|＠|＠|＠|＠|//潮風のセーラーカッパー
Collect from Rare Capsules!|＠|＠|EVOLVE at Level 10|＠|＠|Once Lvl 30 is reached, use|XP and Catfruit to Evolve.|＠|＠|//495
From Rare Capsule Event|Sengoku Wargods Vajiras|＠|EVOLVE at Level 10|＠|＠|Once Lvl 30 is reached, use|XP and Catfruit to Evolve.|＠|＠|//成田甲斐
Collect from Collab. Event|＠|＠|EVOLVE at Level 10|＠|＠|＠|＠|＠|＠|//497
Collect from Collab. Event|＠|＠|EVOLVE at Level 10|＠|＠|＠|＠|＠|＠|//498
Collect from Collab. Event|＠|＠|EVOLVE at Level 10|＠|＠|＠|＠|＠|＠|//499
Collect from Collab. Event|＠|＠|EVOLVE at Level 10|＠|＠|＠|＠|＠|＠|//500
Collect from ???|＠|＠|EVOLVE at Level 10|＠|＠|＠|＠|＠|＠|//ネコ兄弟S
From Rare Capsule Event|Cyber Academy Galaxy Gals|＠|EVOLVE at Level 10|＠|＠|Once Lvl 30 is reached, use|XP and Catfruit to Evolve.|＠|＠|//メルシュ
||||||||||//ドットネコ
||||||||||//おやじネコ
From Rare Capsule Event|Dragon Emperors|＠|EVOLVE at Level 10|＠|＠|Once Lvl 30 is reached, use|XP and Catfruit to Evolve.|＠|＠|
Collect from Collab. Event|＠|＠|EVOLVE at Level 10|＠|＠|＠|＠|＠|＠|//アイウォルツ
Collect from Limited Event|"Blue Impact"|＠|EVOLVE at Level 10|＠|＠|＠|＠|＠|＠|＠
Collect from Collab. Event|＠|＠|EVOLVE at Level 10|＠|＠|＠|＠|＠|＠|
Collect from Collab. Event|＠|＠|EVOLVE at Level 10|＠|＠|＠|＠|＠|＠|
Collect from Collab. Event|＠|＠|EVOLVE at Level 10|＠|＠|＠|＠|＠|＠|
Collect from Collab. Event|＠|＠|EVOLVE at Level 10|＠|＠|Once Lvl 30 is reached, use|XP and Catfruit to Evolve.|＠|＠|
Collect from Collab. Event|＠|＠|EVOLVE at Level 10|＠|＠|＠|＠|＠|＠|
Collect from Collab. Event|＠|＠|EVOLVE at Level 10|＠|＠|＠|＠|＠|＠|
Collect from Collab. Event|＠|＠|EVOLVE at Level 10|＠|＠|＠|＠|＠|＠|
Collect from Collab. Event|＠|＠|EVOLVE at Level 10|＠|＠|＠|＠|＠|＠|
Collect from Collab. Event|＠|＠|EVOLVE at Level 10|＠|＠|＠|＠|＠|＠|
Collect from Collab. Event|＠|＠|EVOLVE at Level 10|＠|＠|＠|＠|＠|＠|
Collect from Collab. Event|＠|＠|EVOLVE at Level 10|＠|＠|＠|＠|＠|＠|
From Rare Capsule Event|"The Dynamites"|＠|EVOLVE at Level 10|＠|＠|Once Lvl 30 is reached, use|XP and Catfruit to Evolve.|＠|＠|
Collect from Limited Rare Capsules|＠|＠|EVOLVE at Level 10|＠|＠|＠|＠|＠|＠|
Collect from Limited Event|"Courts of Torment"|＠|EVOLVE at Level 10|＠|＠|＠|＠|＠|＠|
Collect from Rare Capsules!|＠|＠|EVOLVE at Level 10|＠|＠|Once Lvl 30 is reached, use|XP and Catfruit to Evolve.|＠|＠|
Collect from Rare Capsules!|＠|＠|EVOLVE at Level 10|＠|＠|Once Lvl 30 is reached, use|XP and Catfruit to Evolve.|＠|＠|
||||||||||
From Rare Capsule Event|Ultra Souls|＠|EVOLVE at Level 10|＠|＠|Once Lvl 30 is reached, use|XP and Catfruit to Evolve.|＠|＠|
From Rare Capsule Event|Xmas Gals|＠|EVOLVE at Level 10|＠|＠|＠|＠|＠|＠|
Collect from Limited Event|"The Old Queen"|＠|EVOLVE at Level 10|＠|＠|＠|＠|＠|＠|
Collect from Limited Event|"Papuu's Paradise"|＠|EVOLVE at Level 10|＠|＠|＠|＠|＠|＠|
From Rare Capsule Event|UBERFEST|＠|EVOLVE at Level 10|＠|＠|＠|＠|＠|＠
＠|＠|＠|＠|＠|＠|＠|＠|＠|＠
Collect from Limited Event|"Bottom of the Swamp"|＠|EVOLVE at Level 10|＠|＠|From Event Stage|"Top of the Bog"|EVOLVE at Level 20|＠
Collect from ???|＠|＠|EVOLVE at Level 10|＠|＠|＠|＠|＠|＠|
From Rare Capsule Event|Justice Strikes Back: Dark Heroes|＠|EVOLVE at Level 10|＠|＠|Once Lvl 30 is reached, use|XP and Catfruit to Evolve.|＠|＠|
From Rare Capsule Event|The Almighties: Majestic Zeus|＠|EVOLVE at Level 10|＠|＠|Once Lvl 30 is reached, use|XP and Catfruit to Evolve.|＠|＠
Collect from Collab. Event|＠|＠|EVOLVE at Level 10|＠|＠|＠|＠|＠|＠
Collect from Collab. Event|＠|＠|EVOLVE at Level 10|＠|＠|＠|＠|＠|＠
Collect from Collab. Event|＠|＠|EVOLVE at Level 10|＠|＠|＠|＠|＠|＠
Collect from Collab. Event|＠|＠|EVOLVE at Level 10|＠|＠|＠|＠|＠|＠
Collect from Limited Event|"Wanwan's Glory"|＠|EVOLVE at Level 10|＠|＠|＠|＠|＠|＠
Collect from Collab. Event|＠|＠|EVOLVE at Level 10|＠|＠|＠|＠|＠|＠
Collect from Collab. Event|＠|＠|EVOLVE at Level 10|＠|＠|＠|＠|＠|＠
Collect from ???|＠|＠|EVOLVE at Level 10|＠|＠|＠|＠|＠|＠
From Rare Capsule Event|EPICFEST|＠|EVOLVE at Level 10|＠|＠|＠|＠|＠|＠
Collect from ???|＠|＠|EVOLVE at Level 10|＠|＠|＠|＠|＠|＠
Collect from Limited Event|"Z-Onel Rises!"|＠|EVOLVE at Level 10|＠|＠|＠|＠|＠|＠
From Rare Capsule Event|Tales of the Nekoluga|＠|EVOLVE at Level 10|＠|＠|＠|＠|＠|＠
Collect from Collab. Event|＠|＠|EVOLVE at Level 10|＠|＠|＠|＠|＠|＠
Collect from Collab. Event|＠|＠|EVOLVE at Level 10|＠|＠|＠|＠|＠|＠
Collect from Collab. Event|＠|＠|EVOLVE at Level 10|＠|＠|＠|＠|＠|＠
Collect from Collab. Event|＠|＠|EVOLVE at Level 10|＠|＠|＠|＠|＠|＠
Collect from Collab. Event|＠|＠|EVOLVE at Level 10|＠|＠|＠|＠|＠|＠
Collect from Collab. Event|＠|＠|EVOLVE at Level 10|＠|＠|＠|＠|＠|＠
Collect from Limited Event|"First Errand"|＠|EVOLVE at Level 10|＠|＠|＠|＠|＠|＠
Collect from ???|＠|＠|EVOLVE at Level 10|＠|＠|＠|＠|＠|＠
Collect from Collab. Event|＠|＠|EVOLVE at Level 10|＠|＠|＠|＠|＠|＠
Collect from Collab. Event|＠|＠|EVOLVE at Level 10|＠|＠|Once Lvl 30 is reached, use|XP and Catfruit to Evolve.|＠|＠
Collect from Collab. Event|＠|＠|EVOLVE at Level 10|＠|＠|＠|＠|＠|＠
Collect from Limited Event|＠|＠|EVOLVE at Level 10|＠|＠|＠|＠|＠|＠
From Rare Capsule Event|Wave Busters|＠|EVOLVE at Level 10|＠|＠|＠|＠|＠|＠
Collect from Collab. Event|＠|＠|EVOLVE at Level 10|＠|＠|＠|＠|＠|＠
Collect from Collab. Event|＠|＠|EVOLVE at Level 10|＠|＠|＠|＠|＠|＠
Collect from Collab. Event|＠|＠|EVOLVE at Level 10|＠|＠|＠|＠|＠|＠
From Rare Capsule Event|Gals of Summer|＠|EVOLVE at Level 10|＠|＠|＠|＠|＠|＠
From Rare Capsule Event|Gals of Summer|＠|EVOLVE at Level 10|＠|＠|＠|＠|＠|＠
From Rare Capsule Event|Gals of Summer|＠|EVOLVE at Level 10|＠|＠|＠|＠|＠|＠
From Rare Capsule Event|Gals of Summer|＠|EVOLVE at Level 10|＠|＠|＠|＠|＠|＠
Collect from Collab. Event|＠|＠|EVOLVE at Level 10|＠|＠|＠|＠|＠|＠
""|＠|＠|EVOLVE at Level 10|＠|＠|＠|＠|＠|＠
From Rare Capsule Event|Elemental Pixies|＠|EVOLVE at Level 10|＠|＠|Once Lvl 30 is reached, use|XP and Catfruit to Evolve.|＠|＠
From Rare Capsule Event|Halloween Carnival|＠|EVOLVE at Level 10|＠|＠|＠|＠|＠|＠
Collect from Collab. Event|＠|＠|EVOLVE at Level 10|＠|＠|＠|＠|＠|＠
Collect from Collab. Event|＠|＠|EVOLVE at Level 10|＠|＠|＠|＠|＠|＠
Collect from Collab. Event|＠|＠|EVOLVE at Level 10|＠|＠|＠|＠|＠|＠
Collect from Collab. Event|＠|＠|EVOLVE at Level 10|＠|＠|＠|＠|＠|＠
Collect from Collab. Event|＠|＠|EVOLVE at Level 10|＠|＠|＠|＠|＠|＠
Collect from Collab. Event|＠|＠|EVOLVE at Level 10|＠|＠|＠|＠|＠|＠
Collect from Collab. Event|＠|＠|EVOLVE at Level 10|＠|＠|＠|＠|＠|＠
Collect from Collab. Event|＠|＠|EVOLVE at Level 10|＠|＠|＠|＠|＠|＠
Collect from Collab. Event|＠|＠|EVOLVE at Level 10|＠|＠|＠|＠|＠|＠
Collect from Collab. Event|＠|＠|EVOLVE at Level 10|＠|＠|＠|＠|＠|＠
Collect from Limited Event|"Prelude to Ruin"|＠|EVOLVE at Level 10|＠|＠|＠|＠|＠|＠
Collect from Collab. Event|＠|＠|EVOLVE at Level 10|＠|＠|＠|＠|＠|＠
Collect from Collab. Event|＠|＠|EVOLVE at Level 10|＠|＠|＠|＠|＠|＠
From Rare Capsule Event|Xmas Gals|＠|EVOLVE at Level 10|＠|＠|Once Lvl 30 is reached, use|XP and Catfruit to Evolve.|＠|＠
From Rare Capsule Event|UBERFEST|＠|EVOLVE at Level 10|＠|＠|＠|＠|＠|＠
""|＠|＠|EVOLVE at Level 10|＠|＠|＠|＠|＠|＠
From Rare Capsule Event|Valentine Gals|＠|EVOLVE at Level 10|＠|＠|＠|＠|＠|＠
From Rare Capsule Event|Valentine Gals|＠|EVOLVE at Level 10|＠|＠|＠|＠|＠|＠
From Rare Capsule Event|Valentine Gals|＠|EVOLVE at Level 10|＠|＠|＠|＠|＠|＠
Collect from Collab. Event|＠|＠|EVOLVE at Level 10|＠|＠|＠|＠|＠|＠
Collect from Collab. Event|＠|＠|EVOLVE at Level 10|＠|＠|＠|＠|＠|＠
Collect from Collab. Event|＠|＠|EVOLVE at Level 10|＠|＠|＠|＠|＠|＠
Collect from Collab. Event|＠|＠|EVOLVE at Level 10|＠|＠|＠|＠|＠|＠
From Rare Capsule Event|Iron Legion|＠|EVOLVE at Level 10|＠|＠|＠|＠|＠|＠
From Rare Capsule Event|Easter Carnival|＠|EVOLVE at Level 10|＠|＠|＠|＠|＠|＠
Collect from Collab. Event|＠|＠|EVOLVE at Level 10|＠|＠|＠|＠|＠|＠
Collect from Collab. Event|＠|＠|EVOLVE at Level 10|＠|＠|＠|＠|＠|＠
Collect from Collab. Event|＠|＠|EVOLVE at Level 10|＠|＠|＠|＠|＠|＠
Collect from Collab. Event|＠|＠|EVOLVE at Level 10|＠|＠|＠|＠|＠|＠
Collect from Collab. Event|＠|＠|EVOLVE at Level 10|＠|＠|＠|＠|＠|＠
Collect from Collab. Event|＠|＠|EVOLVE at Level 10|＠|＠|＠|＠|＠|＠
Collect from Collab. Event|＠|＠|EVOLVE at Level 10|＠|＠|＠|＠|＠|＠
Collect from Collab. Event|＠|＠|EVOLVE at Level 10|＠|＠|＠|＠|＠|＠
Collect from Collab. Event|＠|＠|EVOLVE at Level 10|＠|＠|＠|＠|＠|＠
Collect from Collab. Event|＠|＠|EVOLVE at Level 10|＠|＠|＠|＠|＠|＠
Collect from Collab. Event|＠|＠|EVOLVE at Level 10|＠|＠|＠|＠|＠|＠
From Rare Capsule Event|Girls & Monsters|＠|EVOLVE at Level 10|＠|＠|＠|＠|＠|＠
Collect from Limited Event|＠|＠|EVOLVE at Level 10|＠|＠|＠|＠|＠|＠
From Rare Capsule Event|EPICFEST|＠|EVOLVE at Level 10|＠|＠|＠|＠|＠|＠
Collect from Limited Event|＠|＠|EVOLVE at Level 10|＠|＠|Once Lvl 30 is reached, use|XP and Catfruit to Evolve.|＠|＠
Collect from Collab. Event|＠|＠|EVOLVE at Level 10|＠|＠|＠|＠|＠|＠
From Rare Capsule Event|Royalfest|＠|EVOLVE at Level 10|＠|＠|＠|＠|＠|＠
Collect from ???|＠|＠|EVOLVE at Level 10|＠|＠|＠|＠|＠|＠
Collect from Limited Rare Capsules|Gals of Summer|＠|EVOLVE at Level 10|＠|＠|＠|＠|＠|＠
Collect from Limited Capsule Event|"Summer Break Cats"|＠|EVOLVE at Level 10|＠|＠|＠|＠|＠|＠
Collect from Limited Capsule Event|"Summer Break Cats"|＠|EVOLVE at Level 10|＠|＠|＠|＠|＠|＠
From Rare Capsule Event|"The Dynamites"|＠|EVOLVE at Level 10|＠|＠|＠|＠|＠|＠
From Rare Capsule Event|Sengoku Wargods Vajiras|＠|EVOLVE at Level 10|＠|＠|＠|＠|＠|＠
From Rare Capsule Event|Cyber Academy Galaxy Gals|＠|EVOLVE at Level 10|＠|＠|＠|＠|＠|＠
From Rare Capsule Event|Dragon Emperors|＠|EVOLVE at Level 10|＠|＠|＠|＠|＠|＠
Collect from Special Event|The Great Diablo|＠|EVOLVE at Level 10|＠|＠|＠|＠|＠|＠
|||EVOLVE at Level 10||||||
Collect from Special Event|"Temptation's Symphony"|＠|EVOLVE at Level 10|＠|＠|＠|＠|＠|＠
Collect from Collab. Event|＠|＠|EVOLVE at Level 10|＠|＠|＠|＠|＠|＠
From Rare Capsule Event|Tales of the Nekoluga|＠|EVOLVE at Level 10|＠|＠|＠|＠|＠|＠
Collect from Collab. Event|＠|＠|EVOLVE at Level 10|＠|＠|＠|＠|＠|＠
Collect from Collab. Event|＠|＠|EVOLVE at Level 10|＠|＠|＠|＠|＠|＠
Collect from Collab. Event|＠|＠|EVOLVE at Level 10|＠|＠|＠|＠|＠|＠
Collect from Limited Rare Capsules|＠|＠|EVOLVE at Level 10|＠|＠|＠|＠|＠|＠
＠|＠|＠|EVOLVE at Level 10|＠|＠|＠|＠|＠|＠
From Rare Capsule Event|Elemental Pixies|＠|EVOLVE at Level 10|＠|＠|＠|＠|＠|＠
From Rare Capsule Event|Iron Legion|＠|EVOLVE at Level 10|＠|＠|＠|＠|＠|＠
＠|＠|＠|EVOLVE at Level 10|＠|＠|＠|＠|＠|＠
＠|＠|＠|EVOLVE at Level 10|＠|＠|＠|＠|＠|＠
＠|＠|＠|EVOLVE at Level 10|＠|＠|＠|＠|＠|＠
＠|＠|＠|EVOLVE at Level 10|＠|＠|＠|＠|＠|＠									